listing#,listing,was,now,why
1,Christmas Tree Skirt Pattern,Christmas crochet,xmas crochet pdf,you already use this phrase on another listing
1,Christmas Tree Skirt Pattern,snowflake crochet,snowflake pdf,you already use this phrase on another listing
1,Christmas Tree Skirt Pattern,bobble stitch,bobble stitch pdf,you already use this phrase on another listing
1,Christmas Tree Skirt Pattern,crochet holiday decor,crochet xmas decor,over 20 chars - Etsy will not accept it
1,Christmas Tree Skirt Pattern,seasonal crochet,tree skirt pdf,you already use this phrase on another listing
2,Year of the Goat Pattern,Lunar New Year,lunar new year 2027,you already use this phrase on another listing
2,Year of the Goat Pattern,Chinese New Year,cny plushie pattern,you already use this phrase on another listing
2,Year of the Goat Pattern,amigurumi animal,goat plush pdf,you already use this phrase on another listing
2,Year of the Goat Pattern,crochet plushie,goat plushie pdf,you already use this phrase on another listing
2,Year of the Goat Pattern,beginner crochet,easy amigurumi pdf,you already use this phrase on another listing
2,Year of the Goat Pattern,digital crochet,lunar new year pdf,you already use this phrase on another listing
3,Mini Christmas Stocking Pattern,mini stocking pattern,mini stocking pdf,over 20 chars - Etsy will not accept it
3,Mini Christmas Stocking Pattern,Christmas crochet,stocking pattern pdf,you already use this phrase on another listing
3,Mini Christmas Stocking Pattern,holiday crochet PDF,stocking pdf pattern,you already use this phrase on another listing
3,Mini Christmas Stocking Pattern,beginner crochet,stocking for newbies,you already use this phrase on another listing
3,Mini Christmas Stocking Pattern,Christmas decor,stocking decor,you already use this phrase on another listing
3,Mini Christmas Stocking Pattern,festive crochet,advent stocking pdf,you already use this phrase on another listing
4,Christmas Wreath Pattern,wreath crochet pattern,wreath pattern pdf,over 20 chars - Etsy will not accept it
4,Christmas Wreath Pattern,holiday crochet,holiday wreath pdf,you already use this phrase on another listing
4,Christmas Wreath Pattern,Christmas door wreath,xmas door wreath,over 20 chars - Etsy will not accept it
4,Christmas Wreath Pattern,seasonal crochet,wreath pdf pattern,you already use this phrase on another listing
4,Christmas Wreath Pattern,festive crochet,wreath door pdf,you already use this phrase on another listing
4,Christmas Wreath Pattern,crochet Christmas,xmas wreath pdf,you already use this phrase on another listing
4,Christmas Wreath Pattern,PDF crochet pattern,crochet pdf pattern,you already use this phrase on another listing
4,Christmas Wreath Pattern,Christmas home decor,xmas home decor,collided with your own other listing
5,Christmas Ornament Bundle,snowflake crochet,snowflake pattern,you already use this phrase on another listing
5,Christmas Ornament Bundle,bauble crochet,bauble pattern pdf,you already use this phrase on another listing
5,Christmas Ornament Bundle,Christmas crochet,ornament crochet pdf,you already use this phrase on another listing
5,Christmas Ornament Bundle,festive crochet,bauble star pdf,you already use this phrase on another listing
5,Christmas Ornament Bundle,Christmas decor,ornament decor,you already use this phrase on another listing
5,Christmas Ornament Bundle,crochet pattern bundle,crochet pdf bundle,over 20 chars - Etsy will not accept it
6,Crochet Christmas Tree Pattern,crochet Christmas tree,xmas tree crochet,over 20 chars - Etsy will not accept it
6,Crochet Christmas Tree Pattern,bobble stitch,bobble tree pdf,you already use this phrase on another listing
6,Crochet Christmas Tree Pattern,Christmas crochet,xmas decor crochet,you already use this phrase on another listing
6,Crochet Christmas Tree Pattern,Christmas table decor,xmas table decor,over 20 chars - Etsy will not accept it
6,Crochet Christmas Tree Pattern,festive crochet,table tree pdf,you already use this phrase on another listing
6,Crochet Christmas Tree Pattern,seasonal PDF,seasonal pdf pattern,you already use this phrase on another listing
6,Crochet Christmas Tree Pattern,easy crochet pattern,easy tree pattern,you already use this phrase on another listing
6,Crochet Christmas Tree Pattern,Christmas craft,xmas craft pdf,collided with your own other listing
7,Christmas Gnome Pattern,gnome crochet pattern,gnome pdf pattern,over 20 chars - Etsy will not accept it
7,Christmas Gnome Pattern,no sew crochet,one piece gnome,you already use this phrase on another listing
7,Christmas Gnome Pattern,Christmas crochet,gnome crochet pdf,you already use this phrase on another listing
7,Christmas Gnome Pattern,Christmas ornament,gnome ornament,you already use this phrase on another listing
7,Christmas Gnome Pattern,beginner amigurumi,gnome for beginners,you already use this phrase on another listing
7,Christmas Gnome Pattern,festive crochet,gnome shelf sitter,you already use this phrase on another listing
7,Christmas Gnome Pattern,holiday PDF,gnome pdf download,you already use this phrase on another listing
8,Capybara Pattern,no sew crochet,capybara no seam,you already use this phrase on another listing
8,Capybara Pattern,amigurumi animal,capybara amigurumi,you already use this phrase on another listing
8,Capybara Pattern,cute crochet PDF,capybara pdf cute,you already use this phrase on another listing
8,Capybara Pattern,beginner amigurumi,capybara for newbies,you already use this phrase on another listing
8,Capybara Pattern,crochet plushie,capybara plush pdf,you already use this phrase on another listing
8,Capybara Pattern,easy crochet PDF,easy capybara pdf,you already use this phrase on another listing
8,Capybara Pattern,digital crochet,instant pdf download,you already use this phrase on another listing
9,Loaf Cat Pattern,beginner crochet PDF,kitty for newbies,you already use this phrase on another listing
9,Loaf Cat Pattern,easy crochet pattern,loaf cat pdf,you already use this phrase on another listing
9,Loaf Cat Pattern,animal crochet,cat amigurumi pdf,you already use this phrase on another listing
9,Loaf Cat Pattern,digital pattern,loaf cat download,you already use this phrase on another listing
10,Emotional Support Bundle,emotional support plush,therapy plushie pdf,over 20 chars - Etsy will not accept it
10,Emotional Support Bundle,crochet plushie bundle,plushie pattern set,over 20 chars - Etsy will not accept it
10,Emotional Support Bundle,mini amigurumi,mini penguin pdf,you already use this phrase on another listing
10,Emotional Support Bundle,cute crochet PDF,desk plush pdf,you already use this phrase on another listing
10,Emotional Support Bundle,kawaii amigurumi,kawaii plush set,you already use this phrase on another listing
10,Emotional Support Bundle,beginner crochet,mini plushie pdf,you already use this phrase on another listing
10,Emotional Support Bundle,crochet bundle,plushie bundle pdf,you already use this phrase on another listing
11,Bunny Lovey Pattern,beginner crochet,baby crochet pdf,you already use this phrase on another listing
12,Sea Turtle Pattern,turtle crochet pattern,turtle pdf pattern,over 20 chars - Etsy will not accept it
12,Sea Turtle Pattern,no sew crochet,turtle charm pdf,you already use this phrase on another listing
12,Sea Turtle Pattern,mini amigurumi,mini turtle pdf,you already use this phrase on another listing
12,Sea Turtle Pattern,quick crochet pattern,quick crochet kit,over 20 chars - Etsy will not accept it
12,Sea Turtle Pattern,animal crochet,turtle amigurumi,you already use this phrase on another listing
12,Sea Turtle Pattern,beginner amigurumi,turtle for beginners,you already use this phrase on another listing
12,Sea Turtle Pattern,cute crochet gift,charm crochet gift,you already use this phrase on another listing
12,Sea Turtle Pattern,digital PDF,turtle pdf download,you already use this phrase on another listing
13,Baby Dragon Pattern,dragon crochet pattern,dragon pdf pattern,over 20 chars - Etsy will not accept it
13,Baby Dragon Pattern,fantasy crochet,dragon fantasy pdf,you already use this phrase on another listing
13,Baby Dragon Pattern,beginner crochet,dragon for beginners,you already use this phrase on another listing
13,Baby Dragon Pattern,amigurumi plushie,dragon amigurumi pdf,you already use this phrase on another listing
13,Baby Dragon Pattern,digital pattern,dragon pdf download,you already use this phrase on another listing
14,Halloween Bundle,Halloween pattern,halloween pdf guide,you already use this phrase on another listing
14,Halloween Bundle,crochet ornament,halloween ornament,you already use this phrase on another listing
14,Halloween Bundle,fall crochet PDF,fall crochet pdf,you already use this phrase on another listing
14,Halloween Bundle,trick or treat,trick or treat decor,you already use this phrase on another listing
14,Halloween Bundle,seasonal crochet,halloween pdf kit,you already use this phrase on another listing
15,Highland Cow Pattern,farm animal crochet,highland farm animal,you already use this phrase on another listing
15,Highland Cow Pattern,crochet animal PDF,cow crochet pdf,you already use this phrase on another listing
15,Highland Cow Pattern,beginner crochet,cow for beginners,you already use this phrase on another listing
15,Highland Cow Pattern,plushie pattern,shaggy plush pdf,you already use this phrase on another listing
15,Highland Cow Pattern,animal PDF,farm pdf pattern,you already use this phrase on another listing
15,Highland Cow Pattern,digital crochet,highland cow pdf,you already use this phrase on another listing
16,Axolotl Pattern,no sew crochet,axolotl no seam,you already use this phrase on another listing
16,Axolotl Pattern,amigurumi pattern,axolotl amigurumi,you already use this phrase on another listing
16,Axolotl Pattern,kawaii crochet,kawaii axolotl,you already use this phrase on another listing
16,Axolotl Pattern,crochet plushie,axolotl plush pdf,you already use this phrase on another listing
16,Axolotl Pattern,sea creature,ocean creature pdf,you already use this phrase on another listing
16,Axolotl Pattern,beginner crochet,axolotl for starters,you already use this phrase on another listing
16,Axolotl Pattern,easy crochet PDF,easy axolotl pdf,you already use this phrase on another listing
16,Axolotl Pattern,digital crochet,axolotl pdf,you already use this phrase on another listing
16,Axolotl Pattern,easy axolotl pdf,quick axolotl kit,collided with your own other listing
17,Chenille Duck Pattern,crochet animal PDF,duck crochet pdf,you already use this phrase on another listing
17,Chenille Duck Pattern,beginner crochet,duckling for newbies,you already use this phrase on another listing
17,Chenille Duck Pattern,farm animal crochet,chicken coop friend,you already use this phrase on another listing
17,Chenille Duck Pattern,plushie PDF,duckling pdf,you already use this phrase on another listing
17,Chenille Duck Pattern,digital crochet,duck pdf pattern,you already use this phrase on another listing
18,Construction Estimate Bundle,construction estimate,construction quote,over 20 chars - Etsy will not accept it
18,Construction Estimate Bundle,contractor spreadsheet,contractor sheet,over 20 chars - Etsy will not accept it
18,Construction Estimate Bundle,bid template Excel,bid sheet excel,you already use this phrase on another listing
18,Construction Estimate Bundle,construction budget,job cost estimate,you already use this phrase on another listing
18,Construction Estimate Bundle,AIA billing template,progress billing,you already use this phrase on another listing
18,Construction Estimate Bundle,Excel business tool,excel estimator,you already use this phrase on another listing
18,Construction Estimate Bundle,Google Sheets tool,sheets estimator,you already use this phrase on another listing
19,Church Management Spreadsheet,church giving tracker,church offering log,over 20 chars - Etsy will not accept it
19,Church Management Spreadsheet,donation tracker,offering tracker,you already use this phrase on another listing
19,Church Management Spreadsheet,Excel church tool,church excel sheet,you already use this phrase on another listing
19,Church Management Spreadsheet,Google Sheets church,church sheets tab,you already use this phrase on another listing
20,Home Renovation Budget,renovation cost tracker,remodel cost sheet,over 20 chars - Etsy will not accept it
20,Home Renovation Budget,home improvement,diy remodel plan,you already use this phrase on another listing
20,Home Renovation Budget,construction budget,remodel estimate,you already use this phrase on another listing
20,Home Renovation Budget,Excel budget,renovation xlsx,you already use this phrase on another listing
20,Home Renovation Budget,Google Sheets budget,remodel sheets,you already use this phrase on another listing
21,School Management Spreadsheet,school finance,tuition tracker,you already use this phrase on another listing
21,School Management Spreadsheet,Excel school tool,school excel sheet,you already use this phrase on another listing
21,School Management Spreadsheet,Google Sheets school,school sheets tab,you already use this phrase on another listing
22,Small Business Bookkeeping,bookkeeping spreadsheet,bookkeeping sheet,over 20 chars - Etsy will not accept it
22,Small Business Bookkeeping,income expense tracker,income expense xlsx,over 20 chars - Etsy will not accept it
22,Small Business Bookkeeping,cash flow tracker,daily cash flow,you already use this phrase on another listing
22,Small Business Bookkeeping,Google Sheets books,sheets bookkeeping,you already use this phrase on another listing
22,Small Business Bookkeeping,small business tool,smb bookkeeping,you already use this phrase on another listing
22,Small Business Bookkeeping,finance template,business finance xlsx,you already use this phrase on another listing
22,Small Business Bookkeeping,business finance xlsx,finance sheet xlsx,over 20 chars
23,Rental Property Analysis,real estate spreadsheet,real estate sheet,over 20 chars - Etsy will not accept it
23,Rental Property Analysis,cash flow tracker,cash flow sheet,you already use this phrase on another listing
23,Rental Property Analysis,landlord spreadsheet,property math sheet,you already use this phrase on another listing
23,Rental Property Analysis,Excel real estate,real estate xlsx,you already use this phrase on another listing
25,Personal Finance Bundle,Excel budget template,excel budget xlsx,over 20 chars - Etsy will not accept it
25,Personal Finance Bundle,Google Sheets budget,sheets budget tab,you already use this phrase on another listing
25,Personal Finance Bundle,savings tracker,savings goal log,you already use this phrase on another listing
25,Personal Finance Bundle,monthly budget,budget by paycheck,you already use this phrase on another listing
25,Personal Finance Bundle,financial planner,money plan xlsx,you already use this phrase on another listing
25,Personal Finance Bundle,budget planner,budget plan xlsx,you already use this phrase on another listing
25,Personal Finance Bundle,budget spreadsheet,money sheet xlsx,collided with your own other listing
26,Wedding Planner,wedding planning tool,wedding tool xlsx,over 20 chars - Etsy will not accept it
26,Wedding Planner,Excel wedding,wedding excel,you already use this phrase on another listing
26,Wedding Planner,Google Sheets wedding,wedding sheet,over 20 chars - Etsy will not accept it
26,Wedding Planner,budget tracker,wedding budget xlsx,you already use this phrase on another listing
26,Wedding Planner,wedding budget xlsx,wedding cost plan,collided with your own other listing
27,Budget Spreadsheet Bundle,budget template bundle,budget bundle xlsx,over 20 chars - Etsy will not accept it
27,Budget Spreadsheet Bundle,Google Sheets budget,50 budget tabs,you already use this phrase on another listing
27,Budget Spreadsheet Bundle,savings tracker,savings goal sheet,you already use this phrase on another listing
27,Budget Spreadsheet Bundle,money planner,budget goal planner,you already use this phrase on another listing
27,Budget Spreadsheet Bundle,finance templates,budget templates50,you already use this phrase on another listing
27,Budget Spreadsheet Bundle,monthly budget,bill by bill plan,you already use this phrase on another listing
27,Budget Spreadsheet Bundle,financial planner,money goal plan,you already use this phrase on another listing
28,Lifestyle Planner Bundle,budget planner,habit and budget,you already use this phrase on another listing
28,Lifestyle Planner Bundle,Google Sheets planner,sheets planner,over 20 chars - Etsy will not accept it
28,Lifestyle Planner Bundle,Excel planner,planner excel,you already use this phrase on another listing
28,Lifestyle Planner Bundle,daily routine tracker,routine tracker,over 20 chars - Etsy will not accept it
28,Lifestyle Planner Bundle,digital planner,printable planner,you already use this phrase on another listing
29,Etsy Seller Spreadsheet,small business Excel,etsy fee calculator,you already use this phrase on another listing
29,Etsy Seller Spreadsheet,Google Sheets Etsy,etsy sheets book,you already use this phrase on another listing
29,Etsy Seller Spreadsheet,business bookkeeping,etsy accounting x,you already use this phrase on another listing
30,Travel Planner,packing list,trip packing list,you already use this phrase on another listing
30,Travel Planner,Google Sheets travel,travel sheets tab,you already use this phrase on another listing
30,Travel Planner,Excel travel planner,travel sheet xlsx,you already use this phrase on another listing
30,Travel Planner,travel tracker,trip tracker xlsx,you already use this phrase on another listing
31,Family Budget,net worth tracker,family net worth,you already use this phrase on another listing
31,Family Budget,monthly budget,household cash flow,you already use this phrase on another listing
31,Family Budget,household spreadsheet,household sheet,over 20 chars - Etsy will not accept it
31,Family Budget,Google Sheets budget,family sheets plan,you already use this phrase on another listing
31,Family Budget,Excel family budget,family budget xlsx,you already use this phrase on another listing
31,Family Budget,money planner,family money plan,you already use this phrase on another listing
31,Family Budget,debt tracker,debt payoff plan,collided with your own other listing
31,Family Budget,bill tracker,bill paying log,collided with your own other listing
31,Family Budget,family budget xlsx,excel house budget,collided with your own other listing
32,Cottage Bakery Business,recipe cost calculator,recipe costing,over 20 chars - Etsy will not accept it
32,Cottage Bakery Business,food cost calculator,cost per tray,you already use this phrase on another listing
32,Cottage Bakery Business,bakery profit tracker,bakery profit sheet,over 20 chars - Etsy will not accept it
32,Cottage Bakery Business,bakery inventory,bakery stock log,you already use this phrase on another listing
32,Cottage Bakery Business,small business Excel,bakery xlsx,you already use this phrase on another listing
32,Cottage Bakery Business,Google Sheets bakery,bakery sheets tab,you already use this phrase on another listing
33,Catering Business Spreadsheet,event planner,event planner xlsx,you already use this phrase on another listing
33,Catering Business Spreadsheet,food cost calculator,cost per plate,you already use this phrase on another listing
33,Catering Business Spreadsheet,catering profit,catering margin,you already use this phrase on another listing
33,Catering Business Spreadsheet,Google Sheets catering,catering sheets,over 20 chars - Etsy will not accept it
33,Catering Business Spreadsheet,small business tool,catering back office,you already use this phrase on another listing
34,Crochet Craft Fair Tracker,crochet business,crochet shop xlsx,you already use this phrase on another listing
34,Crochet Craft Fair Tracker,craft sale spreadsheet,craft sale sheet,over 20 chars - Etsy will not accept it
34,Crochet Craft Fair Tracker,handmade sales tracker,handmade sales log,over 20 chars - Etsy will not accept it
34,Crochet Craft Fair Tracker,vendor market planner,craft fair vendor,over 20 chars - Etsy will not accept it
34,Crochet Craft Fair Tracker,Google Sheets craft,craft sheets tab,you already use this phrase on another listing
34,Crochet Craft Fair Tracker,Excel craft tracker,craft excel sheet,you already use this phrase on another listing
35,Secret Santa Spreadsheet,Secret Santa draw,santa name generator,you already use this phrase on another listing
35,Secret Santa Spreadsheet,gift exchange,santa swap game,you already use this phrase on another listing
35,Secret Santa Spreadsheet,gift budget tracker,gift budget sheet,you already use this phrase on another listing
35,Secret Santa Spreadsheet,Christmas spreadsheet,xmas party sheet,over 20 chars - Etsy will not accept it
35,Secret Santa Spreadsheet,holiday planner,santa party plan,you already use this phrase on another listing
36,Christmas Gift Tracker,Christmas gift tracker,christmas gift log,over 20 chars - Etsy will not accept it
36,Christmas Gift Tracker,holiday shopping list,xmas shopping list,over 20 chars - Etsy will not accept it
36,Christmas Gift Tracker,Christmas spreadsheet,gift spreadsheet,over 20 chars - Etsy will not accept it
36,Christmas Gift Tracker,Christmas planner,gift season plan,you already use this phrase on another listing
36,Christmas Gift Tracker,holiday budget,seasonal budget xlsx,you already use this phrase on another listing
36,Christmas Gift Tracker,Google Sheets gift,gift sheets tab,you already use this phrase on another listing
