listing#,listing,proposed title,"tags (13, all <=20, none shared with another listing)",slots changed
1,Christmas Tree Skirt Pattern,"Crochet Christmas Tree Skirt Pattern, Snowflake Bobble Tree Collar PDF, 3 Sizes, Holiday Decor",crochet tree skirt | tree skirt pattern | xmas crochet pdf | crochet tree collar | snowflake pdf | holiday crochet pdf | Christmas home decor | bobble stitch pdf | crochet xmas decor | Christmas PDF | tree collar crochet | tree skirt pdf | Christmas craft,5
2,Year of the Goat Pattern,"Year of the Goat Crochet Pattern 2027, Amigurumi Fire Goat and Lamb, Lunar New Year Plushie PDF",goat crochet pattern | goat amigurumi | lamb crochet pattern | Year of Goat | 2027 crochet pattern | lunar new year 2027 | Chinese New Year | fire goat plushie | animal crochet PDF | goat plush pdf | goat plushie pdf | easy amigurumi pdf | lunar new year pdf,5
3,Mini Christmas Stocking Pattern,"Crochet Mini Stocking Pattern, 24 Christmas Stockings for Advent Garland, Beginner PDF",mini stocking pdf | Christmas stocking | crochet stocking | advent garland | crochet advent | stocking pattern pdf | stocking ornament | stocking pdf pattern | stocking for newbies | stocking decor | gift tag stocking | advent stocking pdf | instant PDF pattern,6
4,Christmas Wreath Pattern,"Crochet Christmas Wreath Pattern, Removable Ornament Door Decor PDF, 3 Sizes",Christmas wreath PDF | crochet wreath | wreath pattern pdf | crochet door decor | holiday wreath pdf | xmas home decor | ornament wreath | xmas door wreath | wreath pdf pattern | wreath door pdf | holiday door decor | xmas wreath pdf | crochet pdf pattern,8
5,Christmas Ornament Bundle,"Christmas Crochet Ornament Pattern Bundle, Bauble Star and Snowflake PDF, 3 Designs",Christmas ornament | crochet ornaments | ornament pattern | crochet star pattern | snowflake pattern | bauble pattern pdf | ornament crochet pdf | holiday PDF pattern | tree ornament DIY | stash buster crochet | bauble star pdf | ornament decor | crochet pdf bundle,6
6,Crochet Christmas Tree Pattern,"Crochet Christmas Tree Pattern PDF, Bobble Stitch Table Tree, 3 Sizes, Holiday Decor",xmas tree crochet | tree crochet pattern | tabletop tree | bobble tree pdf | xmas decor crochet | holiday home decor | crochet tree PDF | xmas table decor | table tree pdf | seasonal pdf pattern | easy tree pattern | xmas craft pdf | tree decor pattern,8
7,Christmas Gnome Pattern,"No Sew Christmas Gnome Crochet Pattern, One Piece Amigurumi PDF, 3 Sizes",Christmas gnome | gnome pdf pattern | one piece gnome | gnome amigurumi | gnome crochet pdf | holiday plushie | crochet gnome PDF | stocking stuffer | gnome ornament | gnome for beginners | gnome shelf sitter | gnome pdf download | one piece crochet,7
8,Capybara Pattern,"No Sew Capybara Crochet Pattern, Easy Amigurumi Plushie PDF, Beginner Animal Pattern",capybara crochet | capybara pattern | crochet capybara | capybara no seam | capybara amigurumi | capybara pdf cute | capybara for newbies | capybara plush pdf | kawaii crochet | animal plush pattern | easy capybara pdf | capybara plushie | instant pdf download,7
9,Loaf Cat Pattern,"Loaf Cat Crochet Pattern, No Sew Amigurumi Kitty PDF, Easy Beginner Plushie",loaf cat pattern | cat crochet pattern | crochet cat PDF | no sew amigurumi | kitty crochet | cat plushie pattern | amigurumi cat | kitty for newbies | loaf cat pdf | kawaii cat crochet | crochet kitty | cat amigurumi pdf | loaf cat download,4
10,Emotional Support Bundle,"Emotional Support Crochet Pattern Bundle, Sunflower Penguin and Potato Plushies PDF",therapy plushie pdf | plushie pattern set | mini penguin pdf | desk buddy crochet | sunflower crochet | penguin crochet | potato plushie | desk plush pdf | kawaii plush set | gift crochet pattern | mini plushie pdf | comfort plushie | plushie bundle pdf,7
11,Bunny Lovey Pattern,"Bunny Lovey Crochet Pattern, Baby Blanket With Bunny Head, Baby Shower Gift PDF",bunny lovey pattern | crochet baby blanket | bunny crochet | baby lovey PDF | crochet baby gift | baby shower crochet | amigurumi bunny | security blanket | nursery crochet | baby blanket PDF | baby crochet pdf | bunny blanket | baby gift pattern,1
12,Sea Turtle Pattern,"Sea Turtle Crochet Pattern, No Sew Amigurumi Keychain and Bag Charm PDF",sea turtle crochet | turtle pdf pattern | turtle charm pdf | turtle keychain | bag charm crochet | sea turtle PDF | mini turtle pdf | ocean crochet | quick crochet kit | turtle amigurumi | turtle for beginners | charm crochet gift | turtle pdf download,8
13,Baby Dragon Pattern,"Baby Dragon Crochet Pattern, Amigurumi Fantasy Plushie With Wings, Beginner PDF",dragon pdf pattern | baby dragon plush | dragon amigurumi | dragon fantasy pdf | crochet dragon PDF | fantasy plushie | dragon for beginners | cute dragon pattern | baby dragon pdf | dragon gift | wings crochet | dinosaur crochet | dragon pdf download,6
14,Halloween Bundle,"Halloween Crochet Pattern Bundle, Ghost Pumpkin and Bat Amigurumi, 3 PDF Patterns",Halloween crochet | halloween pdf guide | ghost crochet | pumpkin crochet | bat crochet pattern | Halloween amigurumi | halloween ornament | Halloween decor | spooky crochet | fall crochet pdf | trick or treat decor | amigurumi bundle | halloween pdf kit,5
15,Highland Cow Pattern,"Highland Cow Amigurumi Crochet Pattern, Shaggy Farm Animal Plushie PDF, Beginner Friendly",Highland cow crochet | cow crochet pattern | cow amigurumi | highland farm animal | shaggy cow plush | amigurumi cow | cow crochet pdf | farmhouse gift | cow for beginners | shaggy plush pdf | cute cow crochet | farm pdf pattern | highland cow pdf,6
16,Axolotl Pattern,"No Sew Axolotl Crochet Pattern, Easy Amigurumi Plushie PDF, Kawaii Sea Creature",axolotl crochet | axolotl pattern | crochet axolotl | axolotl no seam | axolotl amigurumi | kawaii axolotl | axolotl plush pdf | ocean creature pdf | axolotl for starters | quick axolotl kit | cute crochet pattern | axolotl plushie | axolotl pdf,9
17,Chenille Duck Pattern,"Chenille Duck Crochet Pattern, Low Sew Amigurumi Duckling PDF, Beginner Plushie",duck crochet pattern | duckling amigurumi | chenille crochet | velvet yarn crochet | low sew crochet | duck plushie | amigurumi duck | duck crochet pdf | duckling for newbies | cute duck pattern | chicken coop friend | duckling pdf | duck pdf pattern,5
18,Construction Estimate Bundle,"Construction Estimate Spreadsheet Bundle, Contractor Bid, Job Cost and Progress Billing Excel Template",construction quote | contractor sheet | bid sheet excel | job cost tracker | job cost estimate | progress billing | contractor bid sheet | project cost tracker | builder spreadsheet | construction invoice | excel estimator | sheets estimator | contractor template,7
19,Church Management Spreadsheet,"Church Management Spreadsheet, Member Directory, Giving Tracker and Donation Reports Template",church management | church spreadsheet | member directory | church offering log | offering tracker | church finance | church admin tool | ministry spreadsheet | church database | donor report | church excel sheet | church sheets tab | church template,4
20,Home Renovation Budget,"Home Renovation Budget Spreadsheet, Remodel Cost Tracker and Contractor Quote Comparison",renovation budget | remodel spreadsheet | home project budget | remodel cost sheet | contractor quote | diy remodel plan | remodel budget | remodel estimate | home renovation tool | renovation xlsx | remodel sheets | renovation planner | DIY home project,5
21,School Management Spreadsheet,"School Management Spreadsheet, Student Roster, Fees and Attendance Tracker with Dashboard",school management | student roster | attendance tracker | school spreadsheet | student fees tracker | school admin tool | teacher spreadsheet | student database | tuition tracker | class attendance | school excel sheet | school sheets tab | school template,3
22,Small Business Bookkeeping,"Small Business Bookkeeping Spreadsheet, Income Expense and Profit Tracker for Excel and Sheets",small business books | bookkeeping sheet | income expense xlsx | profit tracker | business finance | P&L spreadsheet | expense tracker | business budget | daily cash flow | Excel bookkeeping | sheets bookkeeping | smb bookkeeping | finance sheet xlsx,7
23,Rental Property Analysis,"Rental Property Analysis Spreadsheet, Cash Flow, Cap Rate and DSCR Calculator for Investors",rental property | real estate sheet | rental calculator | property analysis | cap rate calculator | cash flow sheet | DSCR calculator | real estate investor | rental investment | property math sheet | investment property | real estate xlsx | rental ROI,4
24,Rental Property Management,"Rental Property Management Spreadsheet, Rent Ledger, Tenant Tracker and Maintenance Log",rental management | landlord spreadsheet | rent ledger | tenant tracker | property manager | maintenance tracker | rental income | landlord template | tenant records | property spreadsheet | rental Excel | Google Sheets rent | real estate tool,0
25,Personal Finance Bundle,"Personal Finance Spreadsheet Bundle, Budget, Debt Payoff and Net Worth Tracker Templates",personal finance | money sheet xlsx | debt payoff tracker | money management | excel budget xlsx | sheets budget tab | savings goal log | budget by paycheck | money plan xlsx | net worth tracker | bill payment tracker | budget plan xlsx | finance spreadsheet,7
26,Wedding Planner,"Wedding Planner Spreadsheet, Wedding Budget, Guest List, Seating Chart and Vendor Tracker",wedding planner | wedding spreadsheet | wedding budget | wedding guest list | wedding checklist | seating chart | wedding vendor list | wedding tool xlsx | wedding excel | wedding sheet | bride planning | wedding organizer | wedding cost plan,5
27,Budget Spreadsheet Bundle,"Budget Spreadsheet Bundle, 50 Excel and Google Sheets Templates for Bills, Debt and Savings",budget spreadsheet | budget bundle xlsx | Excel budget bundle | 50 budget tabs | bill tracker | debt tracker | savings goal sheet | personal budget | budget goal planner | budget templates50 | bill by bill plan | money goal plan | budget workbook,7
28,Lifestyle Planner Bundle,"Lifestyle Planner Spreadsheet Bundle, Meal, Habit, Fitness and Budget Trackers",lifestyle planner | habit tracker | meal planner | fitness tracker | habit and budget | self care planner | wellness spreadsheet | healthy habits | sheets planner | planner excel | routine tracker | goal tracker | printable planner,5
29,Etsy Seller Spreadsheet,"Etsy Seller Spreadsheet, Sales, Fees, Profit and Inventory Tracker with Bookkeeping Dashboard",Etsy seller tracker | Etsy bookkeeping | Etsy profit tracker | Etsy sales tracker | Etsy inventory | seller spreadsheet | Etsy fees tracker | etsy fee calculator | shop finance tracker | handmade business | etsy sheets book | etsy accounting x | Etsy business tool,3
30,Travel Planner,"Travel Planner Spreadsheet, Trip Itinerary, Vacation Budget and Packing List Template",travel planner | trip itinerary | vacation planner | travel budget | trip packing list | travel spreadsheet | holiday planner | travel sheets tab | travel sheet xlsx | trip organizer | vacation checklist | trip tracker xlsx | digital travel tool,4
31,Family Budget,"Family Budget Spreadsheet, Household Finance Dashboard, Paycheck, Debt and Net Worth Tracker",family budget | household budget | paycheck planner | family finance | debt payoff plan | family net worth | household cash flow | household sheet | savings planner | bill paying log | family sheets plan | excel house budget | family money plan,9
32,Cottage Bakery Business,"Cottage Bakery Spreadsheet, Recipe Costing, Orders, Inventory, Pricing and Profit Tracker",cottage bakery | bakery spreadsheet | bakery business | recipe costing | cost per tray | bakery order form | bakery profit sheet | home bakery tool | baking business | bakery stock log | bakery pricing | bakery xlsx | bakery sheets tab,6
33,Catering Business Spreadsheet,"Catering Business Spreadsheet, Event Planner, Food Cost Calculator, Invoices and Profit Tracker",catering spreadsheet | catering business | event planner xlsx | cost per plate | catering invoice | catering margin | catering orders | menu cost calculator | catering inventory | event business tool | Excel catering | catering sheets | catering back office,5
34,Crochet Craft Fair Tracker,"Crochet Craft Fair Tracker Spreadsheet, Sales, Inventory, Yarn Cost and Pricing Calculator",craft fair tracker | crochet shop xlsx | craft sale sheet | yarn cost calculator | crochet inventory | craft pricing tool | handmade sales log | craft fair vendor | craft fair sales | crochet seller | maker spreadsheet | craft sheets tab | craft excel sheet,6
35,Secret Santa Spreadsheet,"Secret Santa Spreadsheet, Name Draw Generator, Budget Rules and Gift Tracker",Secret Santa | santa name generator | santa swap game | name draw generator | Christmas party | gift budget sheet | white elephant | holiday gift tracker | party planning tool | xmas party sheet | gift exchange tool | random name draw | santa party plan,5
36,Christmas Gift Tracker,"Christmas Gift Tracker Spreadsheet, Holiday Gift Budget, Shopping List and Countdown Dashboard",christmas gift log | gift budget planner | xmas shopping list | gift spreadsheet | gift list tracker | gift season plan | seasonal budget xlsx | gift countdown | Secret Santa planner | Christmas organizer | present tracker | gift sheets tab | Excel gift tracker,6
