listing#,listing,live id,season lane during the freeze,TITLE - paste as is,13 TAGS - paste as is,verify this claim before pasting
1,Christmas Tree Skirt Pattern,4573853611,season (Christmas),"Crochet Christmas Tree Skirt Pattern, Snowflake Bobble Tree Collar, 3 Sizes, PDF Instant Download",crochet tree skirt | tree skirt pattern | xmas crochet pdf | crochet tree collar | snowflake pdf | holiday crochet pdf | Christmas home decor | bobble stitch pdf | crochet xmas decor | Christmas PDF | tree collar crochet | tree skirt pdf | Christmas craft,3 sizes
2,Year of the Goat Pattern,,"season (Lunar New Year, Feb 6 - the freeze HELPS this one)","Year of the Goat Crochet Pattern 2027, Fire Goat and Lamb Amigurumi, Lunar New Year Plushie PDF",goat crochet pattern | goat amigurumi | lamb crochet pattern | Year of Goat | 2027 crochet pattern | lunar new year | Chinese New Year | fire goat plushie | animal crochet PDF | goat plush pdf | goat plushie pdf | easy amigurumi pdf | year of the goat pdf,both goat AND lamb written up
3,Mini Christmas Stocking Pattern,4577821049,season (Christmas),"Crochet Mini Stocking Pattern, 24 Motif Advent Garland With Numbers Chart, PDF Instant Download",mini stocking pdf | Christmas stocking | crochet stocking | advent garland | crochet advent | stocking pattern pdf | stocking ornament | stocking pdf pattern | stocking for newbies | stocking decor | gift tag stocking | advent stocking pdf | instant PDF pattern,24 motifs + the numbers chart
4,Christmas Wreath Pattern,4573857903,season (Christmas),"Crochet Christmas Wreath Pattern With Removable Ornaments, 3 Sizes, Door Decor PDF",Christmas wreath PDF | crochet wreath | wreath pattern pdf | crochet door decor | holiday wreath pdf | xmas home decor | ornament wreath | xmas door wreath | wreath pdf pattern | wreath door pdf | holiday door decor | xmas wreath pdf | crochet pdf pattern,3 sizes
5,Christmas Ornament Bundle,4573849581,season (Christmas),"Christmas Crochet Ornament Bundle, Bauble Star and Snowflake Patterns, 3 PDFs for Tree Decor, Instant Download",Christmas ornament | crochet ornaments | ornament pattern | crochet star pattern | snowflake pattern | bauble pattern pdf | ornament crochet pdf | holiday PDF pattern | tree ornament DIY | stash buster crochet | bauble star pdf | ornament decor | crochet pdf bundle,3 designs
6,Crochet Christmas Tree Pattern,,season (Christmas),"Crochet Christmas Tree Pattern, Bobble Stitch Tabletop Tree, 3 Sizes, PDF Instant Download",xmas tree crochet | tree crochet pattern | tabletop tree | bobble tree pdf | xmas decor crochet | holiday home decor | crochet tree PDF | xmas table decor | table tree pdf | seasonal pdf pattern | easy tree pattern | xmas craft pdf | tree decor pattern,3 sizes
7,Christmas Gnome Pattern,4573699869,season (Christmas),"No Sew Christmas Gnome Crochet Pattern, One Piece Amigurumi, 3 Sizes, PDF Instant Download",Christmas gnome | gnome pdf pattern | one piece gnome | gnome amigurumi | gnome crochet pdf | holiday plushie | crochet gnome PDF | stocking stuffer | gnome ornament | gnome for beginners | gnome shelf sitter | gnome pdf download | one piece crochet,3 sizes + one-piece/no-sew claim
8,Capybara Pattern,,evergreen,"No Sew Capybara Crochet Pattern, Easy Amigurumi Plushie for Beginners, PDF Instant Download",capybara crochet | capybara pattern | crochet capybara | capybara no seam | capybara amigurumi | capybara pdf cute | capybara for newbies | capybara plush pdf | kawaii crochet | animal plush pattern | easy capybara pdf | capybara plushie | instant pdf download,
9,Loaf Cat Pattern,,evergreen,"Loaf Cat Crochet Pattern, No Sew Amigurumi Kitty Plushie, Beginner Animal PDF",loaf cat pattern | cat crochet pattern | crochet cat PDF | no sew amigurumi | kitty crochet | cat plushie pattern | amigurumi cat | kitty for newbies | loaf cat pdf | kawaii cat crochet | crochet kitty | cat amigurumi pdf | loaf cat download,
10,Emotional Support Bundle,,evergreen,"Emotional Support Crochet Bundle, Sunflower Penguin and Potato Plushies, 3 Mini Amigurumi PDFs",therapy plushie pdf | plushie pattern set | mini penguin pdf | desk buddy crochet | sunflower crochet | penguin crochet | potato plushie | desk plush pdf | kawaii plush set | gift crochet pattern | mini plushie pdf | comfort plushie | plushie bundle pdf,3 plushies in the bundle
11,Bunny Lovey Pattern,,evergreen,"Bunny Lovey Crochet Pattern, Baby Blanket With Amigurumi Bunny Head, Baby Shower Gift PDF",bunny lovey pattern | crochet baby blanket | bunny crochet | baby lovey PDF | crochet baby gift | baby shower crochet | amigurumi bunny | security blanket | nursery crochet | baby blanket PDF | baby crochet pdf | bunny blanket | baby gift pattern,
12,Sea Turtle Pattern,,evergreen,"Sea Turtle Crochet Pattern, No Sew Amigurumi Keychain and Bag Charm, Quick PDF Gift for Her, Instant Download",sea turtle crochet | turtle pdf pattern | turtle charm pdf | turtle keychain | bag charm crochet | sea turtle PDF | mini turtle pdf | ocean crochet | quick crochet kit | turtle amigurumi | turtle for beginners | charm crochet gift | turtle pdf download,keychain + bag charm both included
13,Baby Dragon Pattern,,evergreen,"Baby Dragon Crochet Pattern, Amigurumi Fantasy Plushie With Wings, Beginner PDF Fantasy Gift, Instant Download",dragon pdf pattern | baby dragon plush | dragon amigurumi | dragon fantasy pdf | crochet dragon PDF | fantasy plushie | dragon for beginners | cute dragon pattern | baby dragon pdf | dragon gift | wings crochet | dinosaur crochet | dragon pdf download,
14,Halloween Bundle,,season (Halloween - dead in your window),"Halloween Crochet Pattern Bundle, Ghost Pumpkin and Bat Amigurumi, 3 PDFs",Halloween crochet | halloween pdf guide | ghost crochet | pumpkin crochet | bat crochet pattern | Halloween amigurumi | halloween ornament | Halloween decor | spooky crochet | fall crochet pdf | trick or treat decor | amigurumi bundle | halloween pdf kit,3 patterns
15,Highland Cow Pattern,,evergreen,"Highland Cow Crochet Pattern, Shaggy Amigurumi Farm Animal Plushie, Beginner PDF Farm Animal Gift, Instant Download",Highland cow crochet | cow crochet pattern | cow amigurumi | highland farm animal | shaggy cow plush | amigurumi cow | cow crochet pdf | farmhouse gift | cow for beginners | shaggy plush pdf | cute cow crochet | farm pdf pattern | highland cow pdf,
16,Axolotl Pattern,,evergreen,"No Sew Axolotl Crochet Pattern, Easy Kawaii Amigurumi Plushie, Beginner PDF Kawaii Gift, Instant Download",axolotl crochet | axolotl pattern | crochet axolotl | axolotl no seam | axolotl amigurumi | kawaii axolotl | axolotl plush pdf | ocean creature pdf | axolotl for starters | quick axolotl kit | cute crochet pattern | axolotl plushie | axolotl pdf,
17,Chenille Duck Pattern,,evergreen,"Chenille Duck Crochet Pattern, Low Sew Amigurumi Duckling Plushie, Beginner PDF Soft Plushie, Instant Download",duck crochet pattern | duckling amigurumi | chenille crochet | velvet yarn crochet | low sew crochet | duck plushie | amigurumi duck | duck crochet pdf | duckling for newbies | cute duck pattern | chicken coop friend | duckling pdf | duck pdf pattern,
18,Construction Estimate Bundle,4561670979,evergreen,"Construction Estimate Spreadsheet Bundle, Contractor Bid, Job Cost and Progress Billing Tracker",construction quote | contractor sheet | bid sheet excel | job cost tracker | job cost estimate | progress billing | contractor bid sheet | project cost tracker | builder spreadsheet | construction invoice | excel estimator | sheets estimator | contractor template,progress billing tab exists
19,Church Management Spreadsheet,,evergreen,"Church Management Spreadsheet, Member Directory, Giving Tracker and Donation Reports Excel and Sheets",church management | church spreadsheet | member directory | church offering log | offering tracker | church finance | church admin tool | ministry spreadsheet | church database | donor report | church excel sheet | church sheets tab | church template,
20,Home Renovation Budget,4549642404,evergreen,"Home Renovation Budget Spreadsheet, Remodel Cost Tracker and Contractor Quote Comparison",renovation budget | remodel spreadsheet | home project budget | remodel cost sheet | contractor quote | diy remodel plan | remodel budget | remodel estimate | home renovation tool | renovation xlsx | remodel sheets | renovation planner | DIY home project,
21,School Management Spreadsheet,4549077688,evergreen,"School Management Spreadsheet, Student Roster, Fees and Attendance Tracker With Dashboard",school management | student roster | attendance tracker | school spreadsheet | student fees tracker | school admin tool | teacher spreadsheet | student database | tuition tracker | class attendance | school excel sheet | school sheets tab | school template,
22,Small Business Bookkeeping,,"hybrid - Q4 now, New Year tail","Small Business Bookkeeping Spreadsheet, Income, Expense and Profit Tracker for Excel and Sheets",small business books | bookkeeping sheet | income expense xlsx | profit tracker | business finance | P&L spreadsheet | expense tracker | business budget | daily cash flow | Excel bookkeeping | sheets bookkeeping | smb bookkeeping | finance sheet xlsx,
23,Rental Property Analysis,,evergreen,"Rental Property Analysis Spreadsheet, Cash Flow, Cap Rate and DSCR Calculator for Investors",rental property | real estate sheet | rental calculator | property analysis | cap rate calculator | cash flow sheet | DSCR calculator | real estate investor | rental investment | property math sheet | investment property | real estate xlsx | rental ROI,DSCR field actually computes DSCR
24,Rental Property Management,,evergreen,"Rental Property Management Spreadsheet, Rent Ledger, Tenant Records and Maintenance Log Rent Roll, Excel and Sheets",rental management | landlord spreadsheet | rent ledger | tenant tracker | property manager | maintenance tracker | rental income | landlord template | tenant records | property spreadsheet | rental Excel | rent sheet xlsx | real estate tool,
25,Personal Finance Bundle,4534488947,"hybrid - Q4 now, New Year tail","Personal Finance Spreadsheet Bundle, Budget, Debt Payoff and Net Worth Tracker for Excel and Sheets",personal finance | money sheet xlsx | debt payoff tracker | money management | excel budget xlsx | sheets budget tab | savings goal log | budget by paycheck | money plan xlsx | net worth tracker | bill payment tracker | budget plan xlsx | finance spreadsheet,
26,Wedding Planner,4534483099,evergreen with a Jan-Feb engagement peak,"Wedding Planner Spreadsheet, Wedding Budget, Guest List, Seating Chart and Vendor Tracker",wedding planner | wedding spreadsheet | wedding budget | wedding guest list | wedding checklist | seating chart | wedding vendor list | wedding tool xlsx | wedding excel | wedding sheet | bride planning | wedding organizer | wedding cost plan,52 tabs (it is in your live title now)
27,Budget Spreadsheet Bundle,4534495626,"hybrid - Q4 now, New Year tail","Budget Spreadsheet Bundle, 50 Templates for Bills, Debt and Savings, Excel and Sheets",budget spreadsheet | budget bundle xlsx | Excel budget bundle | 50 budget tabs | bill tracker | debt tracker | savings goal sheet | personal budget | new year budget | budget templates50 | bill by bill plan | money goal plan | budget workbook,50 templates - count them
28,Lifestyle Planner Bundle,,"hybrid - Q4 now, New Year tail","Lifestyle Planner Spreadsheet Bundle, Meal, Habit, Fitness and Budget Trackers",lifestyle planner | habit tracker | meal planner | fitness tracker | habit and budget | self care planner | wellness spreadsheet | healthy habits | sheets planner | planner excel | new year habits | goal tracker | printable planner,
29,Etsy Seller Spreadsheet,4534364844,evergreen,"Etsy Seller Spreadsheet, Sales, Fees, Profit and Inventory Tracker With Bookkeeping Dashboard",Etsy seller tracker | Etsy bookkeeping | shop bookkeeping | maker business sheet | sales profit tracker | seller spreadsheet | Etsy fees tracker | craft business xlsx | shop finance tracker | handmade business | handmade shop books | seller accounting | fee and payout log,fees column matches Etsy's real 6.5%+3%+$0.25
30,Travel Planner,,"hybrid - Q4 now, New Year tail","Travel Planner Spreadsheet, Trip Itinerary, Vacation Budget and Packing List, Excel and Sheets",travel planner | trip itinerary | vacation planner | travel budget | trip packing list | travel spreadsheet | holiday planner | travel sheets tab | travel sheet xlsx | trip organizer | vacation checklist | trip tracker xlsx | digital travel tool,
31,Family Budget,,"hybrid - Q4 now, New Year tail","Family Budget Spreadsheet, Household Finance Dashboard, Paycheck and Debt Tracker, Excel Sheets",family budget | household budget | paycheck planner | family finance | debt payoff plan | family net worth | household cash flow | household sheet | savings planner | bill paying log | family sheets plan | excel house budget | family money plan,
32,Cottage Bakery Business,,evergreen,"Cottage Bakery Spreadsheet, Recipe Costing, Orders, Inventory and Profit Tracker",cottage bakery | bakery spreadsheet | bakery business | recipe costing | cost per tray | bakery order form | bakery profit sheet | home bakery tool | baking business | bakery stock log | bakery pricing | bakery xlsx | bakery sheets tab,
33,Catering Business Spreadsheet,,evergreen,"Catering Business Spreadsheet, Event Planner, Food Cost Calculator and Invoice Tracker",catering spreadsheet | catering business | event planner xlsx | cost per plate | catering invoice | catering margin | catering orders | menu cost calculator | catering inventory | event business tool | Excel catering | catering sheets | catering back office,
34,Crochet Craft Fair Tracker,4578849733,evergreen,"Crochet Craft Fair Tracker Spreadsheet, Sales, Inventory and Yarn Cost Pricing Calculator",craft fair tracker | crochet shop xlsx | craft sale sheet | yarn cost calculator | crochet inventory | craft pricing tool | handmade sales log | craft fair vendor | craft fair sales | crochet seller | maker spreadsheet | craft sheets tab | craft excel sheet,14 tabs Premium / 8 Basic
35,Secret Santa Spreadsheet,4578846463,"hybrid - Q4 now, New Year tail","Secret Santa Spreadsheet, Name Draw Generator With Budget Rules, White Elephant Party Tracker",Secret Santa | santa name generator | santa swap game | name draw generator | Christmas party | gift budget sheet | white elephant | holiday gift tracker | party planning tool | group gift | gift exchange tool | random name draw | office party,
36,Christmas Gift Tracker,4573955047,"hybrid - Q4 now, New Year tail","Christmas Gift Tracker Spreadsheet, Holiday Gift Budget, Shopping List and Countdown Dashboard",christmas gift log | gift budget planner | xmas shopping list | gift spreadsheet | gift list tracker | gift season plan | seasonal budget xlsx | gift countdown | Secret Santa planner | Christmas organizer | present tracker | gift sheets tab | Excel gift tracker,"2,500+ formulas / 56 dropdowns / 6 charts / 46+ colour rules / 13 tabs / 18 occasions"
