id,product,cluster,primary_keyword,in_shop,action,n_digital,med_reviews,max_reviews,p75_sale,obs_est,demand_score,competition_score,ctr_headroom,est_ctr_lift_pct,opportunity,opp_value_upside,opp_thin_bonus,opp_moat_penalty,opp_season_bonus,opp_asset_bonus,opp_over_ceiling,verdict,leverage,move,current_realized,rec_list,rec_realized,launch_discount_pct,net_per_sale,fee_pct,sales_to_net_1k,current_net_per_sale,current_sales_to_net_1k,uplift_per_sale_pct
N1,Crochet advent calendar (24 minis),crochet-christmas,crochet advent calendar pattern,False,REPRICE + REWRITE,18,800,3800,15.0,0,87.4,84.1,55,19.2,100.0,27.0,14.0,-7.8,8.0,0.0,at/under ceiling,DO NOW,HIGH (carry $1k alone),BUILD IT,0.0,25.0,15.0,40,13.12,12.5,77,0.0,0,0
N6,Holiday hosting budget + menu sheet,spreadsheet-christmas,christmas dinner planner spreadsheet,False,REPRICE + REWRITE,22,500,8000,9.0,0,81.6,86.0,55,19.2,94.2,16.2,14.0,-8.3,8.0,5.0,at/under ceiling,DO NOW,MEDIUM (anchor),BUILD IT,0.0,15.0,9.0,40,7.7,14.4,130,0.0,0,0
N2,Crochet christmas table runner,crochet-christmas,christmas table runner crochet pattern,False,REPRICE + REWRITE,20,300,1200,7.0,0,65.3,63.0,55,19.2,89.9,12.6,14.0,-2.1,8.0,5.0,at/under ceiling,DO NOW,MEDIUM (anchor),BUILD IT,0.0,11.67,7.0,40,5.89,15.9,170,0.0,0,0
N3,Crochet mini stockings advent set,crochet-christmas,crochet christmas stocking pattern,False,REPRICE + REWRITE,24,400,2000,6.5,0,72.3,75.0,55,19.2,88.7,11.7,14.0,-5.3,8.0,5.0,at/under ceiling,DO NOW,LOW (volume support),BUILD IT,0.0,10.84,6.5,40,5.43,16.5,185,0.0,0,0
N9,New Year money reset (Jan spillover),spreadsheet-finance,new year financial reset spreadsheet,False,REPRICE + REWRITE,20,400,5000,9.0,0,78.6,82.9,55,19.2,85.8,16.2,14.0,-7.4,0.0,5.0,at/under ceiling,DO NOW,MEDIUM (anchor),BUILD IT,0.0,15.0,9.0,40,7.7,14.4,130,0.0,0,0
N8,Secret Santa / white elephant tracker,spreadsheet-christmas,secret santa gift exchange spreadsheet,False,REPRICE + REWRITE,12,150,1000,5.0,0,47.2,48.9,47,16.4,80.8,9.0,14.0,-0.0,8.0,5.0,at/under ceiling,DO NOW,LOW (volume support),BUILD IT,0.0,8.34,5.0,40,4.07,18.6,246,0.0,0,0
C9,Loaf cat,amigurumi,loaf cat crochet pattern,True,REPRICE + REWRITE,24,200,1500,4.95,0,56.9,62.9,58,20.3,80.3,8.5,14.0,-2.1,0.0,11.0,at/under ceiling,DO NOW,LOW (volume support),RAISE PRICE $2.62 → $4.95,2.62,8.25,4.95,40,4.03,18.6,249,1.92,521,110
S8,Rental property analyzer,spreadsheet-finance,rental property analysis spreadsheet,True,REPRICE + REWRITE,22,200,2200,12.0,0,66.9,68.8,47,16.4,78.9,4.5,14.0,-3.7,0.0,11.0,at/under ceiling,DO NOW,HIGH (carry $1k alone),RAISE PRICE $8.99 → $12.0,8.99,20.0,12.0,40,10.41,13.2,97,7.69,131,35
S16,Rental property management,spreadsheet-business,rental property management spreadsheet,True,REPRICE + REWRITE,22,200,2200,12.0,0,66.9,68.8,47,16.4,78.9,4.5,14.0,-3.7,0.0,11.0,at/under ceiling,DO NOW,HIGH (carry $1k alone),RAISE PRICE $8.99 → $12.0,8.99,20.0,12.0,40,10.41,13.2,97,7.69,131,35
C6,Emotional support 3-in-1 bundle,amigurumi,emotional support crochet pattern,True,REPRICE + REWRITE,18,400,9000,6.0,0,76.0,84.2,76,26.6,78.6,4.5,14.0,-7.8,0.0,11.0,at/under ceiling,DO NOW,LOW (volume support),RAISE PRICE $4.5 → $6.0,4.5,10.0,6.0,40,4.98,17.0,201,3.62,277,38
N4,Year of the Goat 2027 amigurumi (CNY Feb 6),amigurumi,goat crochet pattern amigurumi,False,REPRICE + REWRITE,16,350,900,5.0,0,62.3,58.4,68,23.8,78.3,9.0,14.0,-0.9,0.0,5.0,at/under ceiling,DO NOW,LOW (volume support),BUILD IT,0.0,8.34,5.0,40,4.07,18.6,246,0.0,0,0
C13,Sea turtle keychain,amigurumi,sea turtle crochet pattern keychain,True,REPRICE + REWRITE,20,150,1200,3.99,0,47.4,53.7,58,20.3,77.8,7.8,14.0,-0.0,0.0,11.0,at/under ceiling,PRIORITY,LOW (volume support),RAISE PRICE $2.25 → $3.99,2.25,6.65,3.99,40,3.16,20.8,317,1.59,629,99
N7,Christmas card + address label tracker,spreadsheet-christmas,christmas card list tracker spreadsheet,False,REPRICE + REWRITE,26,900,19000,4.5,0,79.8,89.4,55,19.2,77.4,8.1,7.0,-9.2,8.0,5.0,at/under ceiling,PRIORITY,LOW (volume support),BUILD IT,0.0,7.5,4.5,40,3.62,19.6,277,0.0,0,0
C5,No-sew christmas gnome,crochet-christmas,christmas gnome crochet pattern,True,REPRICE + REWRITE,38,500,42400,6.1,0,78.9,89.0,76,26.6,76.1,8.1,0.0,-9.1,8.0,11.0,at/under ceiling,PRIORITY,LOW (volume support),RAISE PRICE $3.37 → $6.1,3.37,10.17,6.1,40,5.07,16.9,198,2.6,385,95
S13,Etsy seller spreadsheet,spreadsheet-business,etsy seller spreadsheet sales tracker,True,REPRICE + REWRITE,25,300,3400,13.0,0,77.0,78.9,47,16.4,76.0,0.0,14.0,-6.4,0.0,11.0,at/under ceiling,PRIORITY,HIGH (carry $1k alone),TRIM PRICE $14.99 → $13.0 for velocity,14.99,21.67,13.0,40,11.31,13.0,89,13.12,77,-14
C1,Christmas tree skirt pattern,crochet-christmas,christmas tree skirt crochet pattern,True,REPRICE + REWRITE,32,140,900,8.0,0,48.5,48.9,76,26.6,75.9,4.5,7.0,-0.0,8.0,11.0,at/under ceiling,PRIORITY,MEDIUM (anchor),RAISE PRICE $6.0 → $8.0,6.0,13.34,8.0,40,6.79,15.1,148,4.98,201,36
C12,Halloween set (3-in-1),seasonal,halloween crochet pattern bundle,True,REPRICE + REWRITE,34,400,18000,6.0,0,76.4,87.0,76,26.6,74.6,0.0,7.0,-8.5,8.0,11.0,at/under ceiling,PRIORITY,LOW (volume support),PRICE OK — rewrite title/tags only,6.0,10.0,6.0,40,4.98,17.0,201,4.98,201,0
S12,Lifestyle planner bundle,spreadsheet-planner,life planner spreadsheet bundle,True,REPRICE + REWRITE,33,700,11000,15.0,0,88.5,89.3,55,19.2,74.6,3.6,7.0,-9.1,0.0,11.0,at/under ceiling,PRIORITY,HIGH (carry $1k alone),PRICE OK — rewrite title/tags only,11.99,21.25,12.75,40,11.09,13.0,91,10.4,97,7
C8,No-sew axolotl,amigurumi,axolotl crochet pattern pdf,True,REPRICE + REWRITE,26,400,2000,4.55,0,69.6,75.3,68,23.8,74.5,7.6,7.0,-5.4,0.0,11.0,at/under ceiling,PRIORITY,LOW (volume support),RAISE PRICE $2.62 → $4.0,2.62,6.67,4.0,40,3.17,20.8,316,1.92,521,65
C7,No-sew capybara,amigurumi,capybara crochet pattern no sew,True,REPRICE + REWRITE,30,350,2400,4.5,0,68.9,77.3,68,23.8,73.5,7.5,7.0,-5.9,0.0,11.0,at/under ceiling,PRIORITY,LOW (volume support),RAISE PRICE $2.62 → $4.0,2.62,6.67,4.0,40,3.17,20.8,316,1.92,521,65
S6,Home renovation budget,spreadsheet-home,home renovation budget spreadsheet,True,REPRICE + REWRITE,19,110,1400,17.0,0,53.7,51.3,47,16.4,73.1,0.5,14.0,-0.0,0.0,11.0,at/under ceiling,PRIORITY,HIGH (carry $1k alone),PRICE OK — rewrite title/tags only,16.49,28.34,17.0,40,14.94,12.1,67,14.47,70,3
S5,Construction estimate bundle,spreadsheet-biz,construction estimate spreadsheet template,True,REPRICE + REWRITE,14,80,900,38.0,0,48.3,37.1,55,19.2,70.5,0.2,14.0,-0.0,0.0,11.0,at/under ceiling,PRIORITY,HIGH (carry $1k alone),PRICE OK — rewrite title/tags only,37.5,63.34,38.0,40,33.94,10.7,30,33.49,30,1
C4,Bobble christmas tree pattern,crochet-christmas,christmas tree crochet pattern pdf,True,REPRICE + REWRITE,45,300,43000,5.0,0,71.4,85.9,76,26.6,70.2,4.5,0.0,-8.2,8.0,11.0,at/under ceiling,PRIORITY,LOW (volume support),RAISE PRICE $3.75 → $5.0,3.75,8.34,5.0,40,4.07,18.6,246,2.94,341,38
A1,Generic monthly budget sheet,spreadsheet-finance,monthly budget spreadsheet,False,AVOID,70,3000,38700,8.0,0,86.1,94.6,39,13.6,70.0,14.4,0.0,-10.6,0.0,5.0,at/under ceiling,PRIORITY,MEDIUM (anchor),AVOID — see playbook §1.3 / §3,0.0,11.34,6.8,40,5.7,16.2,176,0.0,0,0
C10,Baby dragon,amigurumi,baby dragon crochet pattern,True,REPRICE + REWRITE,30,250,1800,6.0,0,64.0,69.8,58,20.3,68.2,2.2,7.0,-3.9,0.0,11.0,at/under ceiling,PRIORITY,LOW (volume support),PRICE OK — rewrite title/tags only,5.25,8.5,5.1,40,4.17,18.2,240,4.3,233,-3
S1,Christmas gift tracker,spreadsheet-christmas,christmas gift tracker spreadsheet,True,REPRICE + REWRITE,36,700,11800,5.0,0,79.3,89.7,55,19.2,68.1,0.0,0.0,-9.3,8.0,11.0,PRICED ABOVE CEILING — expect low CVR,PRIORITY,LOW (volume support),"HOLD PRICE, FIX TITLE+PHOTOS (CVR is the leak)",11.99,8.34,5.0,40,4.07,18.6,246,10.4,97,-61
C11,Highland cow,amigurumi,highland cow crochet pattern,True,REPRICE + REWRITE,28,300,6000,5.99,0,71.6,82.3,58,20.3,68.0,2.2,7.0,-7.3,0.0,11.0,at/under ceiling,PRIORITY,LOW (volume support),PRICE OK — rewrite title/tags only,5.25,8.49,5.09,40,4.16,18.3,241,4.3,233,-3
C14,Bunny lovey,amigurumi,bunny lovey crochet pattern,True,REPRICE + REWRITE,26,300,8000,4.5,0,70.0,82.8,68,23.8,68.0,3.0,7.0,-7.4,0.0,11.0,at/under ceiling,PRIORITY,LOW (volume support),PRICE OK — rewrite title/tags only,3.75,6.67,4.0,40,3.17,20.8,316,2.94,341,8
C3,Christmas ornament 3-in-1 bundle,crochet-christmas,christmas crochet ornament pattern bundle,True,REPRICE + REWRITE,40,200,17900,5.5,0,64.4,80.4,76,26.6,67.5,3.3,0.0,-6.8,8.0,11.0,at/under ceiling,MAYBE,LOW (volume support),RAISE PRICE $4.5 → $5.5,4.5,9.17,5.5,40,4.53,17.6,221,3.62,277,25
S14,Travel planner,spreadsheet-planner,travel planner spreadsheet itinerary,True,REPRICE + REWRITE,29,250,2600,8.0,0,68.5,74.8,47,16.4,66.5,0.0,7.0,-5.3,0.0,11.0,at/under ceiling,MAYBE,MEDIUM (anchor),TRIM PRICE $8.24 → $6.8 for velocity,8.24,11.34,6.8,40,5.7,16.2,176,7.01,143,-19
K1,Line art colouring book,coloring,adult coloring pages line art,True,REPRICE + REWRITE,60,2000,5900,2.5,0,77.3,92.0,76,26.6,65.8,7.2,0.0,-9.9,0.0,11.0,at/under ceiling,KILL — price-war tier,LOW (volume support),RETIRE listing; reuse the asset elsewhere,1.5,4.17,2.5,40,1.81,27.6,553,0.91,1099,99
S9,Personal finance 22-tab bundle,spreadsheet-finance,personal finance spreadsheet bundle,True,REPRICE + REWRITE,42,1200,38700,12.0,0,88.8,91.9,55,19.2,65.7,2.3,0.0,-9.8,0.0,11.0,at/under ceiling,MAYBE,MEDIUM (anchor),PRICE OK — rewrite title/tags only,10.49,17.0,10.2,40,8.78,13.9,114,9.04,111,-3
K4,Dot marker activity pages,coloring,dot marker preschool printables,True,REPRICE + REWRITE,48,600,2800,2.5,0,71.8,84.1,76,26.6,65.6,7.2,0.0,-7.8,0.0,11.0,at/under ceiling,KILL — price-war tier,LOW (volume support),RETIRE listing; reuse the asset elsewhere,1.5,4.17,2.5,40,1.81,27.6,553,0.91,1099,99
S10,Wedding planner 52 tabs,spreadsheet-wedding,wedding planner spreadsheet google sheets,True,REPRICE + REWRITE,40,900,13400,13.0,0,88.5,90.8,55,19.2,65.0,1.4,0.0,-9.5,0.0,11.0,at/under ceiling,MAYBE,MEDIUM (anchor),PRICE OK — rewrite title/tags only,11.99,18.42,11.05,40,9.55,13.6,105,10.4,97,-8
K2,Ocean alphabet colouring,coloring,alphabet coloring pages printable,True,REPRICE + REWRITE,58,1500,4300,2.2,0,75.8,90.2,76,26.6,64.2,5.7,0.0,-9.4,0.0,11.0,at/under ceiling,KILL — price-war tier,LOW (volume support),RETIRE listing; reuse the asset elsewhere,1.5,3.67,2.2,40,1.54,30.0,650,0.91,1099,69
K5,Motherhood colouring book,coloring,motherhood coloring book pdf,True,REPRICE + REWRITE,52,1200,4300,2.2,0,75.4,89.5,76,26.6,64.2,5.7,0.0,-9.2,0.0,11.0,at/under ceiling,KILL — price-war tier,LOW (volume support),RETIRE listing; reuse the asset elsewhere,1.5,3.67,2.2,40,1.54,30.0,650,0.91,1099,69
S15,Family budget dashboard,spreadsheet-finance,family budget spreadsheet dashboard,True,REPRICE + REWRITE,46,2400,38700,10.0,0,88.0,92.8,55,19.2,63.3,0.5,0.0,-10.1,0.0,11.0,at/under ceiling,MAYBE,MEDIUM (anchor),TRIM PRICE $9.74 → $8.5 for velocity,9.74,14.17,8.5,40,7.24,14.8,139,8.36,120,-13
S11,Budget 50-template bundle,spreadsheet-finance,budget spreadsheet bundle excel,True,REPRICE + REWRITE,38,800,10700,11.0,0,86.4,90.1,55,19.2,62.9,0.0,0.0,-9.4,0.0,11.0,PRICED ABOVE CEILING — expect low CVR,MAYBE,MEDIUM (anchor),"HOLD PRICE, FIX TITLE+PHOTOS (CVR is the leak)",28.12,15.59,9.35,40,8.01,14.3,125,25.0,40,-68
K3,Vehicles colouring,coloring,vehicles coloring pages for kids,True,REPRICE + REWRITE,55,900,3100,2.0,0,73.3,86.9,76,26.6,62.8,4.5,0.0,-8.5,0.0,11.0,at/under ceiling,KILL — price-war tier,LOW (volume support),RETIRE listing; reuse the asset elsewhere,1.5,3.34,2.0,40,1.36,32.0,736,0.91,1099,49
S7,Small business bookkeeping,spreadsheet-business,small business bookkeeping spreadsheet,True,REPRICE + REWRITE,44,300,2600,10.0,0,73.6,78.4,55,19.2,60.7,0.0,0.0,-6.2,0.0,11.0,at/under ceiling,MAYBE,MEDIUM (anchor),TRIM PRICE $11.24 → $8.5 for velocity,11.24,14.17,8.5,40,7.24,14.8,139,9.72,103,-26
C15,Chenille duck,amigurumi,chenille duck crochet pattern,True,REPRICE + REWRITE,16,120,900,3.5,0,39.1,44.0,58,20.3,58.9,6.4,0.0,-0.0,0.0,11.0,at/under ceiling,MAYBE,LOW (volume support),RAISE PRICE $2.25 → $3.5,2.25,5.84,3.5,40,2.72,22.3,368,1.59,629,71
N5,Gothic Christmas (Gothmas) bundle,crochet-christmas,gothic christmas crochet pattern,False,REPRICE + REWRITE,8,45,300,6.0,0,19.0,17.0,76,26.6,56.8,10.8,0.0,-0.0,8.0,5.0,at/under ceiling,MAYBE,LOW (volume support),BUILD IT,0.0,10.0,6.0,40,4.98,17.0,201,0.0,0,0
S2,Cottage bakery spreadsheet,spreadsheet-business,cottage bakery spreadsheet,True,REPRICE + REWRITE,20,90,600,11.0,0,38.5,33.7,37,12.9,54.2,2.1,0.0,-0.0,0.0,11.0,at/under ceiling,SHELVE,MEDIUM (anchor),RAISE PRICE $9.74 → $11.0,9.74,18.34,11.0,40,9.5,13.6,106,8.36,120,14
C2,Christmas wreath pattern,crochet-christmas,crochet christmas wreath pattern pdf,True,REPRICE + REWRITE,28,30,900,5.0,0,24.0,29.4,68,23.8,54.1,0.0,0.0,-0.0,8.0,11.0,at/under ceiling,SHELVE,LOW (volume support),TRIM PRICE $6.75 → $5.0 for velocity,6.75,8.34,5.0,40,4.07,18.6,246,5.66,177,-28
S3,Church management,spreadsheet-business,church management spreadsheet,True,REPRICE + REWRITE,17,70,500,13.0,0,34.3,27.4,37,12.9,52.8,2.4,0.0,-0.0,0.0,11.0,at/under ceiling,SHELVE,HIGH (carry $1k alone),RAISE PRICE $11.24 → $13.0,11.24,21.67,13.0,40,11.31,13.0,89,9.72,103,16
S4,School management,spreadsheet-business,school management spreadsheet,True,REPRICE + REWRITE,15,60,450,26.0,0,36.4,24.1,37,12.9,51.3,0.0,0.0,-0.0,0.0,11.0,at/under ceiling,SHELVE,HIGH (carry $1k alone),PRICE OK — rewrite title/tags only,26.24,43.34,26.0,40,23.08,11.2,44,23.3,43,-1
A2,MRR/PLR template mega-bundle,spreadsheet-finance,excel templates bundle mrr,False,AVOID,65,300,20000,2.5,0,67.5,87.3,76,26.6,49.2,4.5,0.0,-8.6,0.0,0.0,at/under ceiling,KILL — price-war tier,LOW (volume support),AVOID — see playbook §1.3 / §3,0.0,4.17,2.5,40,1.81,27.6,553,0.0,0,0
