week,monday,sunday,THE_ONE_JOB_THIS_WEEK,listings_live,units_target,net_target,net_cumulative,pct_of_goal,visits_target,visits_per_day,impressions_target,YOUR_impressions,YOUR_clicks,YOUR_ctr,YOUR_visits,YOUR_orders,YOUR_net
1,2026-09-28,2026-10-04,Reprice every listing · archive 6 coloring listings · reply publicly to the 1-star · kill the permanent 25% sale,16,4,39.66,39.66,4%,400,57,66667,,,,,,
2,2026-10-05,2026-10-11,Publish N1 advent calendar · paste 4 rewritten titles/tags · add real-photo disclaimer to renders,18,5,49.57,89.23,9%,444,63,74074,,,,,,
3,2026-10-12,2026-10-18,Recruit 2-3 pattern testers · ship N6 dinner planner · first 2 real sample photo sets,20,6,59.49,148.72,15%,480,69,80000,,,,,,
4,2026-10-19,2026-10-25,"Rewrite top-5 spreadsheet descriptions · Halloween refresh (edit, do not renew) · merge duplicate listings · start the review request on every order",22,7,69.4,218.12,22%,509,73,84848,,,,,,
5,2026-10-26,2026-11-01,"Turn on Etsy Ads $3/day, top 5 only · publish N2 table runner + N3 stockings",24,8,79.32,297.44,30%,533,76,88889,,,,,,
6,2026-11-02,2026-11-08,Video on your top 8 listings · 2 more new listings · fill all 10 photo slots everywhere,26,9,89.23,386.67,39%,554,79,55385,,,,,,
7,2026-11-09,2026-11-15,"BLACK FRIDAY sale ON: business sheets only, 40% off, ends Dec 1 · email your buyer list",28,10,99.15,485.82,49%,571,82,57143,,,,,,
8,2026-11-16,2026-11-22,Harvest BF · add 2 gift bundles (raise AOV) · check every listing's CTR in Stats,30,12,118.98,604.8,60%,640,91,64000,,,,,,
9,2026-11-23,2026-11-29,"PEAK WEEK: ads on daily, replies under 2h, push N1/C1/C5 · $300 cumulative = Star Seller unlocked",30,13,128.89,733.69,73%,650,93,65000,,,,,,
10,2026-11-30,2026-12-06,Dec 12 cut-off: switch ads from make-it patterns to instant-download planners,30,11,109.06,842.75,84%,518,74,51765,,,,,,
11,2026-12-07,2026-12-13,Last-minute angle in titles: 'done in a weekend' · coupon 15% to abandoned carts,30,8,79.32,922.07,92%,356,51,35556,,,,,,
12,2026-12-14,2026-12-20,Publish N9 New Year reset Dec 26 · end sale Dec 28 · no re-listings during the holidays,30,5,49.57,971.64,97%,211,30,21053,,,,,,
13,2026-12-21,2026-12-27,Pull every stat into one sheet · write January's kill/rewrite list · thank your reviewers,30,4,39.66,1011.3,101%,160,23,16000,,,,,,
,TOTAL,,,,102,1011.3,1011.3,100%,6026,,760380
